id,file_name,company,date,total,address,confidence_json,raw_json,items_json
1,X00016469676.jpg,"HOTOR ( SUNGAT RENGIT ) SON, BHD.",23-01-2019,20.0,"Jalan Kurau, Sungai Rengit, 81620 Pengerang, Johor. el;","{""COMPANY"": 0.9355188267571586, ""ADDRESS"": 0.9747288450598717, ""TOTAL"": 0.9163268804550171, ""DATE"": 0.9987420439720154}","{""COMPANY"": ""HOTOR ( SUNGAT RENGIT ) SON, BHD."", ""ADDRESS"": ""Jalan Kurau, Sungai Rengit, 81620 Pengerang, Johor. el;"", ""TOTAL"": ""20.00"", ""DATE"": ""23-01-2019""}",
2,X51005200931.jpg,PERNIAGAAN ZHENG,09/02/2078,436.2,JALAN PERMAS 9/6 BANDAR BARU PERMAS JAYA 81780 JOHOR TEL,"{""COMPANY"": 0.9209394752979279, ""ADDRESS"": 0.9363415360450744, ""DATE"": 0.9948838353157043, ""TOTAL"": 0.9979440569877625}","{""COMPANY"": ""PERNIAGAAN ZHENG"", ""ADDRESS"": ""JALAN PERMAS 9/6 BANDAR BARU PERMAS JAYA 81780 JOHOR TEL"", ""DATE"": ""09/02/2078"", ""TOTAL"": ""436.20""}",
3,X51005230657.jpg,CROSS CHANNEL SDN.,31/12/2017,7.95,"MERANTI 1, SEK. 3, BANDAR UTAMA BATANG KALI, 44300 BATANG KALI, SELANGOR. Tel :","{""COMPANY"": 0.9958662788073221, ""ADDRESS"": 0.9775590087686267, ""TOTAL"": 0.9951545000076294, ""DATE"": 0.9946624636650085}","{""COMPANY"": ""CROSS CHANNEL SDN."", ""ADDRESS"": ""MERANTI 1, SEK. 3, BANDAR UTAMA BATANG KALI, 44300 BATANG KALI, SELANGOR. Tel :"", ""TOTAL"": ""7.95"", ""DATE"": ""31/12/2017""}",
4,X51005230659.jpg,SWC ENTERPRISE SDN BHD,06/01/2018,8.0,"Jalan Mahagoni 7/1, Sekysen 4, Bandar Utama, 44300 Batang Kali, Selangor. Tel :","{""COMPANY"": 0.9968835711479187, ""ADDRESS"": 0.9643740195494431, ""DATE"": 0.9986324906349182, ""TOTAL"": 0.9971327781677246}","{""COMPANY"": ""SWC ENTERPRISE SDN BHD"", ""ADDRESS"": ""Jalan Mahagoni 7/1, Sekysen 4, Bandar Utama, 44300 Batang Kali, Selangor. Tel :"", ""DATE"": ""06/01/2018"", ""TOTAL"": ""8.00""}",
5,X51005268262.jpg,HORE MASTER HARDWARE & ELECTRICAL,22/12/2017,15.9,"& 115G, JALAN SETIA GEMEILANG SETIA ALAM, 40770 BANDAR SETIA ALAM, SELANGOR,","{""COMPANY"": 0.9948287963867187, ""ADDRESS"": 0.9106574306885401, ""DATE"": 0.9981751441955566, ""TOTAL"": 0.9968517422676086}","{""COMPANY"": ""HORE MASTER HARDWARE & ELECTRICAL"", ""ADDRESS"": ""& 115G, JALAN SETIA GEMEILANG SETIA ALAM, 40770 BANDAR SETIA ALAM, SELANGOR,"", ""DATE"": ""22/12/2017"", ""TOTAL"": ""15.90""}",
6,X51005268408.jpg,,,,,{},{},
7,X51005268472.jpg,,,32.7,"NO.23 BATU 10, TAMAN SE JALAN KAPAR, 42200 KLANG, S'","{""ADDRESS"": 0.9268878042697907, ""TOTAL"": 0.9963654279708862}","{""ADDRESS"": ""NO.23 BATU 10, TAMAN SE JALAN KAPAR, 42200 KLANG, S'"", ""TOTAL"": ""32.70""}",
8,X51005301667.jpg,"LIGHTROOM GALLERY, SDM",20/11/2017,,"28, JALAN ASTANA BANDAR BUKIT RAJA, KLANG SELANGOR D. IC","{""COMPANY"": 0.9171518683433533, ""ADDRESS"": 0.9868714034557342, ""DATE"": 0.998101532459259}","{""COMPANY"": ""LIGHTROOM GALLERY, SDM"", ""ADDRESS"": ""28, JALAN ASTANA BANDAR BUKIT RAJA, KLANG SELANGOR D. IC"", ""DATE"": ""20/11/2017""}",
9,X51005337867.jpg,Old Town Kopitiam Sdn Bhd Sri Rampai,22 Mar 18,30.25,,"{""COMPANY"": 0.8952946662902832, ""DATE"": 0.9990235567092896, ""TOTAL"": 0.9979939460754395}","{""COMPANY"": ""Old Town Kopitiam Sdn Bhd Sri Rampai"", ""DATE"": ""22 Mar 18"", ""TOTAL"": ""30.25""}",
10,X51005361898.jpg,HENG STATIONERY & BOOKS,15/01/2018,52.0,"JALAN BESAR, 45600 BATANG BERJUNTAI SELANGOR DARUL EHSAN TEL:","{""COMPANY"": 0.9964328855276108, ""ADDRESS"": 0.9277640647358365, ""DATE"": 0.9972907900810242, ""TOTAL"": 0.9941433072090149}","{""COMPANY"": ""HENG STATIONERY & BOOKS"", ""ADDRESS"": ""JALAN BESAR, 45600 BATANG BERJUNTAI SELANGOR DARUL EHSAN TEL:"", ""DATE"": ""15/01/2018"", ""TOTAL"": ""52.00""}",
11,X51005361906.jpg,,,27.35,,"{""TOTAL"": 0.9965397119522095}","{""TOTAL"": ""27.35""}",
12,X51005433538.jpg,UNIHAKKA INTERNATIONAL SDN BHD,12 Mar 2018,8.2,,"{""COMPANY"": 0.9985774904489517, ""DATE"": 0.999390721321106, ""TOTAL"": 0.9979912042617798}","{""COMPANY"": ""UNIHAKKA INTERNATIONAL SDN BHD"", ""DATE"": ""12 Mar 2018"", ""TOTAL"": ""$8.20""}",
13,X51005433548.jpg,PASAR MINI JIW,,93.8,"379, JALAN PERMAS SATU, BANDAR BARU PERNAS JAYA 61750 PLENTONG, JOHOR. TEL","{""COMPANY"": 0.9549151659011841, ""ADDRESS"": 0.9595175534486771, ""TOTAL"": 0.9161007404327393}","{""COMPANY"": ""PASAR MINI JIW"", ""ADDRESS"": ""379, JALAN PERMAS SATU, BANDAR BARU PERNAS JAYA 61750 PLENTONG, JOHOR. TEL"", ""TOTAL"": ""93.80""}",
14,X51005441408.jpg,,11-03-2018,,"JALAN SS21/62, DAMANSARA UTAMA, 47400 PETALING JAYA. (GST","{""ADDRESS"": 0.8659099787473679, ""DATE"": 0.9978641867637634}","{""ADDRESS"": ""JALAN SS21/62, DAMANSARA UTAMA, 47400 PETALING JAYA. (GST"", ""DATE"": ""11-03-2018""}",
15,X51005442383.jpg,CARREFOUR RESTAURANT,,13.8,"18,JALAN PERMAS 10/7 BANDAR BARU PERMAS JAYA, MASAI,JOHOR TEL:","{""COMPANY"": 0.9955186247825623, ""ADDRESS"": 0.9855232106314765, ""TOTAL"": 0.9964383840560913}","{""COMPANY"": ""CARREFOUR RESTAURANT"", ""ADDRESS"": ""18,JALAN PERMAS 10/7 BANDAR BARU PERMAS JAYA, MASAI,JOHOR TEL:"", ""TOTAL"": ""13.80""}",
16,X51005442397.jpg,Triple Six Point Enterprise,26-03-2018,7.6,18 Jalan Permas 4/3 Bandar Baru Permas Jay Tel:,"{""COMPANY"": 0.9878311455249786, ""ADDRESS"": 0.9648671613799201, ""DATE"": 0.996778666973114, ""TOTAL"": 0.7942432165145874}","{""COMPANY"": ""Triple Six Point Enterprise"", ""ADDRESS"": ""18 Jalan Permas 4/3 Bandar Baru Permas Jay Tel:"", ""DATE"": ""26-03-2018"", ""TOTAL"": ""7.60""}",
17,X51005444041.jpg,BENS INDEPENDENT GROCER SDN. BHD,08/03/18,81.0,"Jalan Batai, Plaza Batai, Damansara Heights 50490, Kuala Lumpur T: 03-2093","{""COMPANY"": 0.9966638803482055, ""ADDRESS"": 0.9240394234657288, ""DATE"": 0.9983525276184082, ""TOTAL"": 0.9979301691055298}","{""COMPANY"": ""BENS INDEPENDENT GROCER SDN. BHD"", ""ADDRESS"": ""Jalan Batai, Plaza Batai, Damansara Heights 50490, Kuala Lumpur T: 03-2093"", ""DATE"": ""08/03/18"", ""TOTAL"": ""81.00""}",
18,X51005447859.jpg,PASARAYA BORONG PINTAR SDN BHD,14/02/2018,1.45,,"{""COMPANY"": 0.9970762610435486, ""DATE"": 0.9975837469100952, ""TOTAL"": 0.9942265748977661}","{""COMPANY"": ""PASARAYA BORONG PINTAR SDN BHD"", ""DATE"": ""14/02/2018"", ""TOTAL"": ""1.45""}",
19,X51005568885.jpg,EVERGREEN LIGHT SDN BHD,,,,"{""COMPANY"": 0.9826173931360245}","{""COMPANY"": ""EVERGREEN LIGHT SDN BHD""}",
20,X51005568890.jpg,HON HWA HARDWARE TRADING,,5.0,"37, JALAN MANIS 7, TAMAN SEGAR, 66100 CHERAS, KUALA LUMPUR. +603-9130","{""COMPANY"": 0.996450275182724, ""ADDRESS"": 0.952326089143753, ""TOTAL"": 0.9985217452049255}","{""COMPANY"": ""HON HWA HARDWARE TRADING"", ""ADDRESS"": ""37, JALAN MANIS 7, TAMAN SEGAR, 66100 CHERAS, KUALA LUMPUR. +603-9130"", ""TOTAL"": ""5.00""}",
21,X51005568900.jpg,MR. D.I.¥. SON BHD,28-12-17,9.9,"1851-B, JALAN KPB 6, KAWASAN PERINDUSTRIAN BALAKONG, 43300 SERI KEMBANGAN, SELANGOR (GST ID No","{""COMPANY"": 0.983924999833107, ""ADDRESS"": 0.9919074986662183, ""TOTAL"": 0.6159632802009583, ""DATE"": 0.9986305236816406}","{""COMPANY"": ""MR. D.I.\u00a5. SON BHD"", ""ADDRESS"": ""1851-B, JALAN KPB 6, KAWASAN PERINDUSTRIAN BALAKONG, 43300 SERI KEMBANGAN, SELANGOR (GST ID No"", ""TOTAL"": ""9.90"", ""DATE"": ""28-12-17""}",
22,X51005605295.jpg,ECONSAVE CASH & CARRY (Fé),22/03/18,4.2,"G01, KL Festival City, No. 67 JIn Ibu Kata Danau Kata, KL Tel","{""COMPANY"": 0.9394091486930847, ""ADDRESS"": 0.9619625348311204, ""DATE"": 0.9963065385818481, ""TOTAL"": 0.9973878264427185}","{""COMPANY"": ""ECONSAVE CASH & CARRY (F\u00e9)"", ""ADDRESS"": ""G01, KL Festival City, No. 67 JIn Ibu Kata Danau Kata, KL Tel"", ""DATE"": ""22/03/18"", ""TOTAL"": ""4.20""}",
23,X51005663274.jpg,SENG THO HARDWARE,08/02/2018,10.5,"Simpang Off Batu Village, Jalan Batu 5, 51200 Kuala Lumpur. MALAYSIA Tel &","{""COMPANY"": 0.9818257292111715, ""ADDRESS"": 0.998249902175023, ""DATE"": 0.998559296131134, ""TOTAL"": 0.9982073307037354}","{""COMPANY"": ""SENG THO HARDWARE"", ""ADDRESS"": ""Simpang Off Batu Village, Jalan Batu 5, 51200 Kuala Lumpur. MALAYSIA Tel &"", ""DATE"": ""08/02/2018"", ""TOTAL"": ""10.50""}",
24,X51005663324.jpg,SYARIKAT PERNIAGAAN GIN KEE,,465.34,"JALAN AIR PANAS, SETAPAK, 53200, KUALA LUMPUR. TEL :","{""COMPANY"": 0.9985162019729614, ""ADDRESS"": 0.9638412594795227, ""TOTAL"": 0.9979875087738037}","{""COMPANY"": ""SYARIKAT PERNIAGAAN GIN KEE"", ""ADDRESS"": ""JALAN AIR PANAS, SETAPAK, 53200, KUALA LUMPUR. TEL :"", ""TOTAL"": ""465.34""}",
25,X51005675095.jpg,SUN VICTORY SON BHD,14/01/2018,,,"{""COMPANY"": 0.9468249976634979, ""DATE"": 0.9981687068939209}","{""COMPANY"": ""SUN VICTORY SON BHD"", ""DATE"": ""14/01/2018""}",
26,X51005675914.jpg,BEYOND BROTHERS HARDWARE,10/1°/2017,67.88,"1-0-2, JLM 4/60, DIAMOND SQUARE, OFF JLN GOMBAK 53000 KUALA LUMPUR TEL. :","{""COMPANY"": 0.9982123573621114, ""ADDRESS"": 0.9575857382554275, ""DATE"": 0.9844377636909485, ""TOTAL"": 0.9960126876831055}","{""COMPANY"": ""BEYOND BROTHERS HARDWARE"", ""ADDRESS"": ""1-0-2, JLM 4/60, DIAMOND SQUARE, OFF JLN GOMBAK 53000 KUALA LUMPUR TEL. :"", ""DATE"": ""10/1\u00b0/2017"", ""TOTAL"": ""67.88""}",
27,X51005676538.jpg,SYARIKAT PERNIAGAAN GIN KEE,04/01/2018,44.73,"JALAN AIR PANAS, SETAPAK, KUALA LUMPUR. TEL :","{""COMPANY"": 0.9985681176185608, ""ADDRESS"": 0.9577995985746384, ""DATE"": 0.9985873699188232, ""TOTAL"": 0.9980096220970154}","{""COMPANY"": ""SYARIKAT PERNIAGAAN GIN KEE"", ""ADDRESS"": ""JALAN AIR PANAS, SETAPAK, KUALA LUMPUR. TEL :"", ""DATE"": ""04/01/2018"", ""TOTAL"": ""44.73""}",
28,X51005676540.jpg,SYARIKAT PERNIAGAAN GIN KEE,,116.28,"JALAN AIR PANAS, SETAPAK, KUALA LUMPUR. TEL :","{""COMPANY"": 0.9984803944826126, ""ADDRESS"": 0.9355693683028221, ""TOTAL"": 0.9982268214225769}","{""COMPANY"": ""SYARIKAT PERNIAGAAN GIN KEE"", ""ADDRESS"": ""JALAN AIR PANAS, SETAPAK, KUALA LUMPUR. TEL :"", ""TOTAL"": ""116.28""}",
29,X51005676547.jpg,SYARIKAT PERNIAGAAN GIN KEE,13/01/2018,12.72,"JALAN AIR PANAS, SETAPAK, 53200, KUALA LUMPUR. TEL :","{""COMPANY"": 0.9985523074865341, ""ADDRESS"": 0.9600015878677368, ""DATE"": 0.9986262321472168, ""TOTAL"": 0.9981029033660889}","{""COMPANY"": ""SYARIKAT PERNIAGAAN GIN KEE"", ""ADDRESS"": ""JALAN AIR PANAS, SETAPAK, 53200, KUALA LUMPUR. TEL :"", ""DATE"": ""13/01/2018"", ""TOTAL"": ""12.72""}",
30,X51005677339.jpg,BEYOND BROTHERS HARDWARE,08/02/2018,,"JLN 1/50, DIAMOND SQUARE, OFF JLN GOMBAK 93000 KUALA LUMPUR FAX","{""COMPANY"": 0.9980167746543884, ""ADDRESS"": 0.9518936005505648, ""DATE"": 0.9988716244697571}","{""COMPANY"": ""BEYOND BROTHERS HARDWARE"", ""ADDRESS"": ""JLN 1/50, DIAMOND SQUARE, OFF JLN GOMBAK 93000 KUALA LUMPUR FAX"", ""DATE"": ""08/02/2018""}",
31,X51005710963.jpg,TS TOOLS HARDWARE & SOR BED,21/03/2018,7.4,"JALAN BANDAR SATU, PISAT BANDAR PUCHONG 47160, PUCHONG, SELANGOR TEL:","{""COMPANY"": 0.9831090172131857, ""ADDRESS"": 0.9921722650527954, ""DATE"": 0.9972892999649048, ""TOTAL"": 0.9946541786193848}","{""COMPANY"": ""TS TOOLS HARDWARE & SOR BED"", ""ADDRESS"": ""JALAN BANDAR SATU, PISAT BANDAR PUCHONG 47160, PUCHONG, SELANGOR TEL:"", ""DATE"": ""21/03/2018"", ""TOTAL"": ""7.40""}",
32,X51005711401.jpg,RESTORAN WAN SHENG,19-03-2018,6.0,"Temenggung 19/9, Seksyen 9, Bandar Mahkota Cheras, 43200 Cheras, Selangor GST REG","{""COMPANY"": 0.9986125429471334, ""ADDRESS"": 0.9990147103865942, ""DATE"": 0.9967945218086243, ""TOTAL"": 0.9978163242340088}","{""COMPANY"": ""RESTORAN WAN SHENG"", ""ADDRESS"": ""Temenggung 19/9, Seksyen 9, Bandar Mahkota Cheras, 43200 Cheras, Selangor GST REG"", ""DATE"": ""19-03-2018"", ""TOTAL"": ""6.00""}",
33,X51005711403.jpg,RESTORAN WAN SHENG,19-03-2018,9.1,"Temenggung 19/9, Seksyen 9, Bandar Mahkota Cheras, 43200 Cheras, Selangor GST REG","{""COMPANY"": 0.9986065030097961, ""ADDRESS"": 0.9989734788735708, ""DATE"": 0.9978647828102112, ""TOTAL"": 0.9982748031616211}","{""COMPANY"": ""RESTORAN WAN SHENG"", ""ADDRESS"": ""Temenggung 19/9, Seksyen 9, Bandar Mahkota Cheras, 43200 Cheras, Selangor GST REG"", ""DATE"": ""19-03-2018"", ""TOTAL"": ""9.10""}",
34,X51005712017.jpg,Gerbang Alaf Restaurants Sdn Bhd,18/03/2018,13.1,"Bangunan TH, Damansara Uptown3 No.3, Jalan $S21/39,47400 Petaling Jaya Selangor (GST ID","{""COMPANY"": 0.9982587456703186, ""ADDRESS"": 0.9811867425839106, ""DATE"": 0.9986680746078491, ""TOTAL"": 0.9947739243507385}","{""COMPANY"": ""Gerbang Alaf Restaurants Sdn Bhd"", ""ADDRESS"": ""Bangunan TH, Damansara Uptown3 No.3, Jalan $S21/39,47400 Petaling Jaya Selangor (GST ID"", ""DATE"": ""18/03/2018"", ""TOTAL"": ""13.10""}",
35,X51005719863.jpg,,,,,{},{},
36,X51005719886.jpg,,,28.7,LRG PERUSAHAAN 4 KIMPAL INDS.PARK B.CAVES TEL,"{""ADDRESS"": 0.8699005501610892, ""TOTAL"": 0.9930425882339478}","{""ADDRESS"": ""LRG PERUSAHAAN 4 KIMPAL INDS.PARK B.CAVES TEL"", ""TOTAL"": ""28.70""}",
37,X51005719893.jpg,,,,"No.J-G-02, Soho KI, Solaris Mont Kiera, 50 480 KL GST","{""ADDRESS"": 0.9673723578453064}","{""ADDRESS"": ""No.J-G-02, Soho KI, Solaris Mont Kiera, 50 480 KL GST""}",
38,X51005719905.jpg,SAINT HEART PASTRY,26/03/2018,8.2,"29,JLN SJ 17, TMN SELAYANG JAYA, 68100 BATU CAVES, SELANGOR TEL :","{""COMPANY"": 0.9984022974967957, ""ADDRESS"": 0.9929564048846563, ""DATE"": 0.9985253214836121, ""TOTAL"": 0.998336911201477}","{""COMPANY"": ""SAINT HEART PASTRY"", ""ADDRESS"": ""29,JLN SJ 17, TMN SELAYANG JAYA, 68100 BATU CAVES, SELANGOR TEL :"", ""DATE"": ""26/03/2018"", ""TOTAL"": ""8.20""}",
39,X51005724622.jpg,KEDAI PAPAN YEW CHUAN,07/03/2018,91.16,"276 JALAN BANTING 43800 DENGKIL, SELANGOR R TEL","{""COMPANY"": 0.9979271739721298, ""ADDRESS"": 0.9973159730434418, ""DATE"": 0.9964334964752197, ""TOTAL"": 0.9981846213340759}","{""COMPANY"": ""KEDAI PAPAN YEW CHUAN"", ""ADDRESS"": ""276 JALAN BANTING 43800 DENGKIL, SELANGOR R TEL"", ""DATE"": ""07/03/2018"", ""TOTAL"": ""91.16""}",
40,X51005724623.jpg,KEDS PAN YEW Ch JAN,03/018,312.7,,"{""COMPANY"": 0.7012861013412476, ""DATE"": 0.8949188590049744, ""TOTAL"": 0.9931894540786743}","{""COMPANY"": ""KEDS PAN YEW Ch JAN"", ""DATE"": ""03/018"", ""TOTAL"": ""312.70""}",
41,X51005724625.jpg,KEDAI PAPAN YEW CHUAN,12/63/2018,283.55,"276 JALAN BANTING 43800 DENGKIL, SELANGOR. TEL","{""COMPANY"": 0.9978258311748505, ""ADDRESS"": 0.9982910241399493, ""DATE"": 0.9980712532997131, ""TOTAL"": 0.9973003268241882}","{""COMPANY"": ""KEDAI PAPAN YEW CHUAN"", ""ADDRESS"": ""276 JALAN BANTING 43800 DENGKIL, SELANGOR. TEL"", ""DATE"": ""12/63/2018"", ""TOTAL"": ""283.55""}",
42,X51005741929.jpg,MY MYDIN SDN BHD,19/01/2618,5.5,"15, 17 & 19 Jalan Nova Q Seksyen Bestari 40150 Shah Ala Selangor Sarul Ehsan Tel:","{""COMPANY"": 0.8721889704465866, ""ADDRESS"": 0.9587766788899899, ""DATE"": 0.9965606331825256, ""TOTAL"": 0.9907640218734741}","{""COMPANY"": ""MY MYDIN SDN BHD"", ""ADDRESS"": ""15, 17 & 19 Jalan Nova Q Seksyen Bestari 40150 Shah Ala Selangor Sarul Ehsan Tel:"", ""DATE"": ""19/01/2618"", ""TOTAL"": ""5.50""}",
43,X51005742110.jpg,YONG CEN ENTERPRISE,06/01/2018,65.7,"9, JALAN SUBANG JASA 3, 40150 SHAH ALAM, SELANGOR. TEL:","{""COMPANY"": 0.9435251553853353, ""ADDRESS"": 0.7841430008411407, ""DATE"": 0.9987320303916931, ""TOTAL"": 0.9979173541069031}","{""COMPANY"": ""YONG CEN ENTERPRISE"", ""ADDRESS"": ""9, JALAN SUBANG JASA 3, 40150 SHAH ALAM, SELANGOR. TEL:"", ""DATE"": ""06/01/2018"", ""TOTAL"": ""65.70""}",
44,X51005745188.jpg,SLF CASH & CARRY,02/02/2018,42.004,,"{""COMPANY"": 0.994125247001648, ""DATE"": 0.9987514019012451, ""TOTAL"": 0.9293586611747742}","{""COMPANY"": ""SLF CASH & CARRY"", ""DATE"": ""02/02/2018"", ""TOTAL"": ""42.004""}",
45,X51005745249.jpg,URBAN SDN BHD,27/02/2018,24.0,"DATARAN GLOMAC, JALAN PUSAT BANDAR KELANA JAYA, 47301 PETALING JAYA, SELANGOR, Malaysia Served by: rojan","{""COMPANY"": 0.8706547220547994, ""ADDRESS"": 0.9418339649836223, ""DATE"": 0.9974114298820496, ""TOTAL"": 0.9881524443626404}","{""COMPANY"": ""URBAN SDN BHD"", ""ADDRESS"": ""DATARAN GLOMAC, JALAN PUSAT BANDAR KELANA JAYA, 47301 PETALING JAYA, SELANGOR, Malaysia Served by: rojan"", ""DATE"": ""27/02/2018"", ""TOTAL"": ""RM24.00""}",
46,X51005745296.jpg,KMF FOODICIOUS SDN BHD,09-04-2018,31.0,"JALAN PERUBATAN 2, PANDAN INDAH, 55100 KUALA LUMPUR. Tel ;","{""COMPANY"": 0.9960790872573853, ""ADDRESS"": 0.9516331672668457, ""DATE"": 0.9979498982429504, ""TOTAL"": 0.992317795753479}","{""COMPANY"": ""KMF FOODICIOUS SDN BHD"", ""ADDRESS"": ""JALAN PERUBATAN 2, PANDAN INDAH, 55100 KUALA LUMPUR. Tel ;"", ""DATE"": ""09-04-2018"", ""TOTAL"": ""31.00""}",
47,X51005749912.jpg,,,38.8,"1851-B, JALAN KPB 6, KAWASAN PERINDUSTRIAN BALAKONG, 43300 SERI KEMBANGAN, SELANGOR (GST ID No","{""ADDRESS"": 0.9959771675722939, ""TOTAL"": 0.6228360831737518}","{""ADDRESS"": ""1851-B, JALAN KPB 6, KAWASAN PERINDUSTRIAN BALAKONG, 43300 SERI KEMBANGAN, SELANGOR (GST ID No"", ""TOTAL"": ""RM 38.80""}",
48,X51005757248.jpg,AEON CO. (H) 8HD,,42.5,"FLR, TAMAN SC Jy TAMAN MALURT CHERAS, 55100 KUALA LUMPUR GST ID","{""COMPANY"": 0.9941955506801605, ""ADDRESS"": 0.9657575786113739, ""TOTAL"": 0.9974513649940491}","{""COMPANY"": ""AEON CO. (H) 8HD"", ""ADDRESS"": ""FLR, TAMAN SC Jy TAMAN MALURT CHERAS, 55100 KUALA LUMPUR GST ID"", ""TOTAL"": ""42.50""}",
49,X51005757294.jpg,MR. D.1.¥. (M) SDN BHD,18-03-18,,"1851-B, JALAN KPB 6, KAWASAN PERINDUSTRIAN BALAKONG, 43300 SERI KEMBANGAN, SELANGOR (GST ID No","{""COMPANY"": 0.9851315736770629, ""ADDRESS"": 0.9973863405840737, ""DATE"": 0.9983988404273987}","{""COMPANY"": ""MR. D.1.\u00a5. (M) SDN BHD"", ""ADDRESS"": ""1851-B, JALAN KPB 6, KAWASAN PERINDUSTRIAN BALAKONG, 43300 SERI KEMBANGAN, SELANGOR (GST ID No"", ""DATE"": ""18-03-18""}",
50,X51005757324.jpg,MR. O.T.Y. SDN BHD,25-03-18,50.8,"1851-B, JALAN KPB 6, KAWASAN PERINDUSTRIAN BALAKONG, 43300 SERI KEMBANGAN, SELANGOR (GST ID No","{""COMPANY"": 0.9974306970834732, ""ADDRESS"": 0.9945194636072431, ""TOTAL"": 0.9072434306144714, ""DATE"": 0.9975663423538208}","{""COMPANY"": ""MR. O.T.Y. SDN BHD"", ""ADDRESS"": ""1851-B, JALAN KPB 6, KAWASAN PERINDUSTRIAN BALAKONG, 43300 SERI KEMBANGAN, SELANGOR (GST ID No"", ""TOTAL"": ""50.80"", ""DATE"": ""25-03-18""}",
51,X51005757346.jpg,MR. D.I.Y. (M) SDN BHD,23-03-18,26.1,"1851-B, JALAN KPB 6, KAWASAN PERINDUSTRIAN BALAKONG, 43300 SERI KEMBANGAN, SELANGOR (GST ID No","{""COMPANY"": 0.99810870885849, ""ADDRESS"": 0.9969276487827301, ""TOTAL"": 0.9663352370262146, ""DATE"": 0.9982567429542542}","{""COMPANY"": ""MR. D.I.Y. (M) SDN BHD"", ""ADDRESS"": ""1851-B, JALAN KPB 6, KAWASAN PERINDUSTRIAN BALAKONG, 43300 SERI KEMBANGAN, SELANGOR (GST ID No"", ""TOTAL"": ""RM 26.10"", ""DATE"": ""23-03-18""}",
52,X51005764154.jpg,PANA JAYA,25-01-2018,205.5,"GAQUND FLUOR, JALAN DINAR 0. U3/D TAMAN SUBANG PERDANA. SEK U3, 40150 SHAH ALAM. SELANGOH 2376","{""COMPANY"": 0.9921866059303284, ""ADDRESS"": 0.9685960151255131, ""DATE"": 0.9988418221473694, ""TOTAL"": 0.9959840774536133}","{""COMPANY"": ""PANA JAYA"", ""ADDRESS"": ""GAQUND FLUOR, JALAN DINAR 0. U3/D TAMAN SUBANG PERDANA. SEK U3, 40150 SHAH ALAM. SELANGOH 2376"", ""DATE"": ""25-01-2018"", ""TOTAL"": ""205.50""}",
53,X51005806678.jpg,KAISON FURNISHING SDN,29-01-18,,"UP2-01, Melawati Mall, 355, Jalan Bandar Melawati, Pusat Bandar Melawati, 53100 Kuala Lumpur. Co. Reg","{""COMPANY"": 0.9968777894973755, ""ADDRESS"": 0.9810688058535258, ""DATE"": 0.996651828289032}","{""COMPANY"": ""KAISON FURNISHING SDN"", ""ADDRESS"": ""UP2-01, Melawati Mall, 355, Jalan Bandar Melawati, Pusat Bandar Melawati, 53100 Kuala Lumpur. Co. Reg"", ""DATE"": ""29-01-18""}",
54,X51005806679.jpg,LEE T SON BHD,92/02/2018,374.2,"JALAN TUN H.S LEE, 50000 KUALA LUMPUR, TEL","{""COMPANY"": 0.995484933257103, ""ADDRESS"": 0.9566876068711281, ""DATE"": 0.9982874989509583, ""TOTAL"": 0.9956106543540955}","{""COMPANY"": ""LEE T SON BHD"", ""ADDRESS"": ""JALAN TUN H.S LEE, 50000 KUALA LUMPUR, TEL"", ""DATE"": ""92/02/2018"", ""TOTAL"": ""374.20""}",
55,X51005806696.jpg,IMAGE (M) SDN BHD,23/02/2918,,"Jalan Wangsa Delima 11, D'wangsa Wangsa Maju, 53300 Kuala Lumpur. +(603)","{""COMPANY"": 0.9767926186323166, ""ADDRESS"": 0.9958035241473805, ""DATE"": 0.9940820336341858}","{""COMPANY"": ""IMAGE (M) SDN BHD"", ""ADDRESS"": ""Jalan Wangsa Delima 11, D'wangsa Wangsa Maju, 53300 Kuala Lumpur. +(603)"", ""DATE"": ""23/02/2918""}",
56,X51005806698.jpg,,28/02/2018,11.6,"Jalan Wangsa Delima 12, Wangsa Link, Wangsa Maju, 53300 Kuala Lumpur 03-41318972 GST","{""ADDRESS"": 0.9739309961979206, ""DATE"": 0.9986567497253418, ""TOTAL"": 0.99775630235672}","{""ADDRESS"": ""Jalan Wangsa Delima 12, Wangsa Link, Wangsa Maju, 53300 Kuala Lumpur 03-41318972 GST"", ""DATE"": ""28/02/2018"", ""TOTAL"": ""11.60""}",
57,X51005806720.jpg,SATU KAMPUNG ENTERPRISE SUN BHD,,,"PASAR BORONG SELANGOR, JALAN PUTRA PERMAI, 43300 SERi MBANGAN, SELANGOR. TEL :","{""COMPANY"": 0.9952675938606262, ""ADDRESS"": 0.9967874040206274}","{""COMPANY"": ""SATU KAMPUNG ENTERPRISE SUN BHD"", ""ADDRESS"": ""PASAR BORONG SELANGOR, JALAN PUTRA PERMAI, 43300 SERi MBANGAN, SELANGOR. TEL :""}",
58,X51006008092.jpg,,31/05/18,,,"{""DATE"": 0.9102826714515686}","{""DATE"": ""31/05/18""}",
59,X51006008105.jpg,AEON CO. (M) BHD,21/03/2018,65.1,"AEON TAMAN MALURI SC JUN JEJAKA, TAMAN MALURI CHERAS, 55100 KUALA LUMPUR GST ID","{""COMPANY"": 0.9978501051664352, ""ADDRESS"": 0.9918084910937718, ""TOTAL"": 0.9985774755477905, ""DATE"": 0.9972661733627319}","{""COMPANY"": ""AEON CO. (M) BHD"", ""ADDRESS"": ""AEON TAMAN MALURI SC JUN JEJAKA, TAMAN MALURI CHERAS, 55100 KUALA LUMPUR GST ID"", ""TOTAL"": ""65.10"", ""DATE"": ""21/03/2018""}",
60,X51006008166.jpg,,14/01/2018,750.0,"LEVEL 2, PAVILION KUALA LUMPUR, 168, JALAN BUKIT BINTANG, 55100 KUALA LUMPUR, MALAYSIA. Tel:","{""ADDRESS"": 0.9491711173738752, ""DATE"": 0.9984405636787415, ""TOTAL"": 0.998298704624176}","{""ADDRESS"": ""LEVEL 2, PAVILION KUALA LUMPUR, 168, JALAN BUKIT BINTANG, 55100 KUALA LUMPUR, MALAYSIA. Tel:"", ""DATE"": ""14/01/2018"", ""TOTAL"": ""750.00""}",
61,X51006311778.jpg,,,,,{},{},
62,X51006327978.jpg,SOON FATT S/R,9/2/2017,362.5,"1504, BATU 8 1/2, JALAN KLANG LAMA, 46000 PETALING JAYA, SELANGOR. TEL +","{""COMPANY"": 0.9858641425768534, ""ADDRESS"": 0.9601620344015268, ""TOTAL"": 0.9952298402786255, ""DATE"": 0.9936489462852478}","{""COMPANY"": ""SOON FATT S/R"", ""ADDRESS"": ""1504, BATU 8 1/2, JALAN KLANG LAMA, 46000 PETALING JAYA, SELANGOR. TEL +"", ""TOTAL"": ""362.50"", ""DATE"": ""9/2/2017""}",
63,X51006328937.jpg,,31/03/2017,12.145,"69 JALAN NOVA US/N, SEESYEN US SUBANG","{""ADDRESS"": 0.7453666925430298, ""DATE"": 0.9978171586990356, ""TOTAL"": 0.9944873452186584}","{""ADDRESS"": ""69 JALAN NOVA US/N, SEESYEN US SUBANG"", ""DATE"": ""31/03/2017"", ""TOTAL"": ""12.145""}",
64,X51006334699.jpg,,,,"PTA7920,","{""ADDRESS"": 0.9115086793899536}","{""ADDRESS"": ""PTA7920,""}",
65,X51006334770.jpg,S&Y STATIONERY,09-Jan-2017,1.4,"JALAN BULAN BM U5/BM, BANDAR PINGGIRAN SUBANG SEKSYEN U5 40150 SHAH ALAM, SELANGOR TEL / FAX","{""COMPANY"": 0.9973812401294708, ""ADDRESS"": 0.9918603077530861, ""DATE"": 0.9985026121139526, ""TOTAL"": 0.9981828331947327}","{""COMPANY"": ""S&Y STATIONERY"", ""ADDRESS"": ""JALAN BULAN BM U5/BM, BANDAR PINGGIRAN SUBANG SEKSYEN U5 40150 SHAH ALAM, SELANGOR TEL / FAX"", ""DATE"": ""09-Jan-2017"", ""TOTAL"": ""1.40""}",
66,X51006335314.jpg,co LET RESTAURANT,,92.15,,"{""COMPANY"": 0.983259121576945, ""TOTAL"": 0.9473397135734558}","{""COMPANY"": ""co LET RESTAURANT"", ""TOTAL"": ""92.15""}",
67,X51006387813.jpg,TOKYO KITCHEN SDN BHD,23-04-2017,113.8,"FLOOR,CITTA MALL, NO 1, JALAN PJU, 1A/4B, JLN Pu 1,ARA DAMANSARA, 47301 PETALING JAYA. SELANGOR. ; GST","{""COMPANY"": 0.9949454814195633, ""ADDRESS"": 0.962792133583742, ""DATE"": 0.9986131191253662, ""TOTAL"": 0.9978452920913696}","{""COMPANY"": ""TOKYO KITCHEN SDN BHD"", ""ADDRESS"": ""FLOOR,CITTA MALL, NO 1, JALAN PJU, 1A/4B, JLN Pu 1,ARA DAMANSARA, 47301 PETALING JAYA. SELANGOR. ; GST"", ""DATE"": ""23-04-2017"", ""TOTAL"": ""113.80""}",
68,X51006388089.jpg,,,403.0,,"{""TOTAL"": 0.9951831698417664}","{""TOTAL"": ""403.00""}",
69,X51006389865.jpg,RESTORAN WAN so,,62.0,"Temenggung 19/9. seksy 9, Bandar Mahkota Cheras, ~ 43200 Cherag, Selangor GST REG","{""COMPANY"": 0.9799713095029196, ""ADDRESS"": 0.9954622250336868, ""TOTAL"": 0.5776731371879578}","{""COMPANY"": ""RESTORAN WAN so"", ""ADDRESS"": ""Temenggung 19/9. seksy 9, Bandar Mahkota Cheras, ~ 43200 Cherag, Selangor GST REG"", ""TOTAL"": ""62.""}",
70,X51006392122.jpg,,,,,{},{},
71,X51006392313.jpg,CUPER.SEVEN CASH 6 CARRY SEN SHO,22-06-2017,,,"{""COMPANY"": 0.9941743910312653, ""DATE"": 0.9987622499465942}","{""COMPANY"": ""CUPER.SEVEN CASH 6 CARRY SEN SHO"", ""DATE"": ""22-06-2017""}",
72,X51006414599.jpg,LO TA AVENDER CONFECTIONERY & BAKERY COMPANY,14/04/2018,12.3,"G30, AEON Mall TEBRAU CITY, NO, 1, JALAN DESA TEBRAU, MAN DESA TEBRAU, 81100 JOHOR TEL :","{""COMPANY"": 0.9073388917105538, ""ADDRESS"": 0.977788136285894, ""DATE"": 0.9977512955665588, ""TOTAL"": 0.9971693158149719}","{""COMPANY"": ""LO TA AVENDER CONFECTIONERY & BAKERY COMPANY"", ""ADDRESS"": ""G30, AEON Mall TEBRAU CITY, NO, 1, JALAN DESA TEBRAU, MAN DESA TEBRAU, 81100 JOHOR TEL :"", ""DATE"": ""14/04/2018"", ""TOTAL"": ""12.30""}",
73,X51006414636.jpg,,,,,{},{},
74,X51006414671.jpg,UNIHAKKA INTERNATIONAL SDN BHD,19 Apr 2018,9.9,"Tampoi 7/4,Kawasan Perindustrian Tampoi,81200 Johor Bahru, Johor TAX","{""COMPANY"": 0.9984133690595627, ""DATE"": 0.9992310007413229, ""ADDRESS"": 0.9923020526766777, ""TOTAL"": 0.9983341097831726}","{""COMPANY"": ""UNIHAKKA INTERNATIONAL SDN BHD"", ""DATE"": ""19 Apr 2018"", ""ADDRESS"": ""Tampoi 7/4,Kawasan Perindustrian Tampoi,81200 Johor Bahru, Johor TAX"", ""TOTAL"": ""$9.90""}",
75,X51006414677.jpg,2 TEA LEAF (M) SDN. BHD.,08/04/2018,12.0,lot,"{""COMPANY"": 0.9879913727442423, ""ADDRESS"": 0.5026454329490662, ""DATE"": 0.9970712661743164, ""TOTAL"": 0.9976276755332947}","{""COMPANY"": ""2 TEA LEAF (M) SDN. BHD."", ""ADDRESS"": ""lot"", ""DATE"": ""08/04/2018"", ""TOTAL"": ""12.00""}",
76,X51006414700.jpg,AEON CO. (M) BHD,22/04/2018,10.2,"AEON TAMAN MALURI JLN JEJAKA, TAMAN MALURI CHERAS, 55100 KUALA LUMPUR GST ID","{""COMPANY"": 0.9976062029600143, ""ADDRESS"": 0.9673976852343633, ""TOTAL"": 0.9985572695732117, ""DATE"": 0.997498095035553}","{""COMPANY"": ""AEON CO. (M) BHD"", ""ADDRESS"": ""AEON TAMAN MALURI JLN JEJAKA, TAMAN MALURI CHERAS, 55100 KUALA LUMPUR GST ID"", ""TOTAL"": ""10.20"", ""DATE"": ""22/04/2018""}",
77,X51006414703.jpg,AFON CO. (M) BHD,22/04/2018,,"AEON TAMAN MALURT SC JLN JEJAKA, TAMAN MALURT CHERAS, 55100 KUALA LUMPUR GST ID","{""COMPANY"": 0.9975731819868088, ""ADDRESS"": 0.9749360510281154, ""DATE"": 0.9967286586761475}","{""COMPANY"": ""AFON CO. (M) BHD"", ""ADDRESS"": ""AEON TAMAN MALURT SC JLN JEJAKA, TAMAN MALURT CHERAS, 55100 KUALA LUMPUR GST ID"", ""DATE"": ""22/04/2018""}",
78,X51006414708.jpg,RESTORAN HWA MUI SUTERA SDN BHD,29/04/2018,101.5,"SUTERA TANJUNG 6/4 TAMAN SUTERA UTAMA, 81300 SKUDAI JOHOR TEL:","{""COMPANY"": 0.9899650812149048, ""ADDRESS"": 0.854954183101654, ""DATE"": 0.9950778484344482, ""TOTAL"": 0.9923977255821228}","{""COMPANY"": ""RESTORAN HWA MUI SUTERA SDN BHD"", ""ADDRESS"": ""SUTERA TANJUNG 6/4 TAMAN SUTERA UTAMA, 81300 SKUDAI JOHOR TEL:"", ""DATE"": ""29/04/2018"", ""TOTAL"": ""101.50""}",
79,X51006414715.jpg,SECRET RECIPE RESTAURANT,4/22/2018,,"Lot G16, Permas Jaya Jusco Tel","{""COMPANY"": 0.9971183141072592, ""ADDRESS"": 0.8387243350346884, ""DATE"": 0.9959555864334106}","{""COMPANY"": ""SECRET RECIPE RESTAURANT"", ""ADDRESS"": ""Lot G16, Permas Jaya Jusco Tel"", ""DATE"": ""4/22/2018""}",
80,X51006441474.jpg,TF Value-Mart Sdn Bhd,19/05/18,52.8,Jalan Tras Batu 1 28700 Bentong Pahang Darul Makmur. Tel :,"{""COMPANY"": 0.9946099072694778, ""ADDRESS"": 0.9402278770099987, ""DATE"": 0.9972655773162842, ""TOTAL"": 0.9972622394561768}","{""COMPANY"": ""TF Value-Mart Sdn Bhd"", ""ADDRESS"": ""Jalan Tras Batu 1 28700 Bentong Pahang Darul Makmur. Tel :"", ""DATE"": ""19/05/18"", ""TOTAL"": ""52.80""}",
81,X51006466062.jpg,,16-04-2018,,JLN SULTAN AZLAN SHAH 51200 KUALA LUMPUR,"{""ADDRESS"": 0.9765101330620902, ""DATE"": 0.9982435703277588}","{""ADDRESS"": ""JLN SULTAN AZLAN SHAH 51200 KUALA LUMPUR"", ""DATE"": ""16-04-2018""}",
82,X51006466778.jpg,,,,,{},{},
83,X51006555072.jpg,DIGI,13/10/2017,234.4,"315, SHOPPING CENTRE, LEBUH BANDAR UTAMA-BANDAR UTANA, Petaling Jaya, 47800 LANGOR TAX GST","{""COMPANY"": 0.8377698659896851, ""ADDRESS"": 0.9894133576980004, ""DATE"": 0.9984238147735596, ""TOTAL"": 0.9956122636795044}","{""COMPANY"": ""DIGI"", ""ADDRESS"": ""315, SHOPPING CENTRE, LEBUH BANDAR UTAMA-BANDAR UTANA, Petaling Jaya, 47800 LANGOR TAX GST"", ""DATE"": ""13/10/2017"", ""TOTAL"": ""234.40""}",
84,X51006555125.jpg,KHIAM AIK CHAN SDN BHD,,,,"{""COMPANY"": 0.9981515884399415}","{""COMPANY"": ""KHIAM AIK CHAN SDN BHD""}",
85,X51006555806.jpg,GARDENIA BAKERIES (KL) SDN BHD,30/07/2017,39.01,"3, 23/1, 40300 Shah Alam, Selangor. Tel: 03.","{""COMPANY"": 0.9977643251419067, ""ADDRESS"": 0.970506452023983, ""DATE"": 0.9986836314201355, ""TOTAL"": 0.6698875427246094}","{""COMPANY"": ""GARDENIA BAKERIES (KL) SDN BHD"", ""ADDRESS"": ""3, 23/1, 40300 Shah Alam, Selangor. Tel: 03."", ""DATE"": ""30/07/2017"", ""TOTAL"": ""39.01""}",
86,X51006555819.jpg,,23/07/2017,,,"{""DATE"": 0.9981284737586975}","{""DATE"": ""23/07/2017""}",
87,X51006556596.jpg,AR AREREES SDN,08/2017,41.44,"3, Jalan Pelabur 23/1, 40300 Selangor. 23228","{""COMPANY"": 0.7748888731002808, ""ADDRESS"": 0.9261462943894523, ""DATE"": 0.9849991202354431, ""TOTAL"": 0.9869901537895203}","{""COMPANY"": ""AR AREREES SDN"", ""ADDRESS"": ""3, Jalan Pelabur 23/1, 40300 Selangor. 23228"", ""DATE"": ""08/2017"", ""TOTAL"": ""41.44""}",
88,X51006556815.jpg,,65/09/2617,,"Jalan Pelabur 23/1, 40300 Shah Alam, Selangor. Tel:","{""ADDRESS"": 0.9595639482140541, ""DATE"": 0.9785307049751282}","{""ADDRESS"": ""Jalan Pelabur 23/1, 40300 Shah Alam, Selangor. Tel:"", ""DATE"": ""65/09/2617""}",
89,X51006556818.jpg,,63/03/2017,29.59,,"{""DATE"": 0.9974026083946228, ""TOTAL"": 0.9980008006095886}","{""DATE"": ""63/03/2017"", ""TOTAL"": ""29.59""}",
90,X51006556829.jpg,,24/09/2017,38.55,"3, Jalan Pelabur 23/1, 40300 Shah Alam, Selangor. Vel:","{""ADDRESS"": 0.9415839314460754, ""DATE"": 0.9970986843109131, ""TOTAL"": 0.9976147413253784}","{""ADDRESS"": ""3, Jalan Pelabur 23/1, 40300 Shah Alam, Selangor. Vel:"", ""DATE"": ""24/09/2017"", ""TOTAL"": ""38.55""}",
91,X51006556831.jpg,PINGHWAI TRADING SDN BHD,30/09/2017,616.59,"METRO PERDANA TIMUR 11, KEPONG ENTERPRENUERS PARK, OFF JALAN KEPONG, 52100 KUALA LUMPUR. TEL :","{""COMPANY"": 0.9648781418800354, ""ADDRESS"": 0.9943867802619935, ""DATE"": 0.9987074136734009, ""TOTAL"": 0.9908118844032288}","{""COMPANY"": ""PINGHWAI TRADING SDN BHD"", ""ADDRESS"": ""METRO PERDANA TIMUR 11, KEPONG ENTERPRENUERS PARK, OFF JALAN KEPONG, 52100 KUALA LUMPUR. TEL :"", ""DATE"": ""30/09/2017"", ""TOTAL"": ""616.59""}",
92,X51006556851.jpg,,12/09/2017,84.7,"Jalan Pefabur 23/1, 40300 Shah Alam, Selangor. Tel:","{""ADDRESS"": 0.9434503391385078, ""DATE"": 0.9983606934547424, ""TOTAL"": 0.9983842372894287}","{""ADDRESS"": ""Jalan Pefabur 23/1, 40300 Shah Alam, Selangor. Tel:"", ""DATE"": ""12/09/2017"", ""TOTAL"": ""84.7""}",
93,X51006556861.jpg,,08/49/2017,,"X) Jalan Pelabur 23/1, 40300 Shah Alam, Selangor. Vel:","{""ADDRESS"": 0.9045967062314352, ""DATE"": 0.9981020092964172}","{""ADDRESS"": ""X) Jalan Pelabur 23/1, 40300 Shah Alam, Selangor. Vel:"", ""DATE"": ""08/49/2017""}",
94,X51006557161.jpg,GARDENIA BAKERIES (KL) SDN BHD,24/10/2017,41.87,"Jalan Pelabur 23/1, 40300 Shah Alam, Selangor. ‘Tel:","{""COMPANY"": 0.994836151599884, ""ADDRESS"": 0.9832213446497917, ""DATE"": 0.9982843995094299, ""TOTAL"": 0.9970377683639526}","{""COMPANY"": ""GARDENIA BAKERIES (KL) SDN BHD"", ""ADDRESS"": ""Jalan Pelabur 23/1, 40300 Shah Alam, Selangor. \u2018Tel:"", ""DATE"": ""24/10/2017"", ""TOTAL"": ""41.87""}",
95,X51006557202.jpg,,,46.06,"Jalan Pelabur 23/1, 40300 Shah Alain, Selangor. Vel:","{""ADDRESS"": 0.9475360214710236, ""TOTAL"": 0.9828055500984192}","{""ADDRESS"": ""Jalan Pelabur 23/1, 40300 Shah Alain, Selangor. Vel:"", ""TOTAL"": ""46.06""}",
96,X51006619342.jpg,,17-04-16,3.3,"& 1851-B, JALAN KPR 6, KAWASAN PERINDUSTRIAN BALAKONG, 43300 SERI KEMBANGAN, SELANGOR (GST ID","{""ADDRESS"": 0.9576061538287571, ""TOTAL"": 0.7242217063903809, ""DATE"": 0.9965537786483765}","{""ADDRESS"": ""& 1851-B, JALAN KPR 6, KAWASAN PERINDUSTRIAN BALAKONG, 43300 SERI KEMBANGAN, SELANGOR (GST ID"", ""TOTAL"": ""RM 3.30"", ""DATE"": ""17-04-16""}",
97,X51006619564.jpg,,,,,{},{},
98,X51006619570.jpg,,,,"& 1851-B, JALAN KPB 4, KAWASAN PERTNDUSTRIAN BALAKONG, 43500 SERT KEMBANGAN, SELANGOR (G81 IB","{""ADDRESS"": 0.9576895194394248}","{""ADDRESS"": ""& 1851-B, JALAN KPB 4, KAWASAN PERTNDUSTRIAN BALAKONG, 43500 SERT KEMBANGAN, SELANGOR (G81 IB""}",
99,X51006619704.jpg,,,,,{},{},
100,X51006619766.jpg,,10-01-16,60.2,"1851-B, JALAN KPB 4, KAWASAN PERINDUSTRIAN BALAKONG, 43300 SERI KEMBANGAN, SELANGOR (GST ID","{""ADDRESS"": 0.9893006819945115, ""TOTAL"": 0.6540824174880981, ""DATE"": 0.9985129237174988}","{""ADDRESS"": ""1851-B, JALAN KPB 4, KAWASAN PERINDUSTRIAN BALAKONG, 43300 SERI KEMBANGAN, SELANGOR (GST ID"", ""TOTAL"": ""60.20"", ""DATE"": ""10-01-16""}",
101,X51006619863.jpg,99 SPEED MART S/B,,,"P.T. 33198, BATU 4 JALAN KAPAR, MUKIN KAPAR 42100 KLANG, SELANGOR SRI SINAR GST NOs","{""COMPANY"": 0.9979560375213623, ""ADDRESS"": 0.9926680564880371}","{""COMPANY"": ""99 SPEED MART S/B"", ""ADDRESS"": ""P.T. 33198, BATU 4 JALAN KAPAR, MUKIN KAPAR 42100 KLANG, SELANGOR SRI SINAR GST NOs""}",
102,X51006733494.jpg,,,,,{},{},
103,X51006828199.jpg,Pu Tien,12/10/2017,,"2-25, Sunway Velocity Mal Lingkaran SY, Sunway Velocity 56100 Kuala Lumpur Tel:","{""COMPANY"": 0.9866030812263489, ""ADDRESS"": 0.9625309308369955, ""DATE"": 0.9986510872840881}","{""COMPANY"": ""Pu Tien"", ""ADDRESS"": ""2-25, Sunway Velocity Mal Lingkaran SY, Sunway Velocity 56100 Kuala Lumpur Tel:"", ""DATE"": ""12/10/2017""}",
104,X51006828201.jpg,& TEA LEAF (H) SDN. BHD.,15/12/2017,39.7,"G047, Ground Floor Mid Valley Megamal| Mid Valley City, Lingkaran Syed Put §9200 Kuala Lumpur GST No.","{""COMPANY"": 0.9281293253103892, ""ADDRESS"": 0.9793486840584699, ""DATE"": 0.9985398054122925, ""TOTAL"": 0.9982684850692749}","{""COMPANY"": ""& TEA LEAF (H) SDN. BHD."", ""ADDRESS"": ""G047, Ground Floor Mid Valley Megamal| Mid Valley City, Lingkaran Syed Put \u00a79200 Kuala Lumpur GST No."", ""DATE"": ""15/12/2017"", ""TOTAL"": ""39.70""}",
105,X51006857540.jpg,BECON STATIONER Becon Enterprise Sdn Bhd,13-11-2017,270.1,"JIn $$21/60, Damansara Utama,47400 PJ, Selango Tel:","{""COMPANY"": 0.9959737261136373, ""ADDRESS"": 0.9698098983083453, ""DATE"": 0.9978048205375671, ""TOTAL"": 0.9960408210754395}","{""COMPANY"": ""BECON STATIONER Becon Enterprise Sdn Bhd"", ""ADDRESS"": ""JIn $$21/60, Damansara Utama,47400 PJ, Selango Tel:"", ""DATE"": ""13-11-2017"", ""TOTAL"": ""270.10""}",
106,X51006912959.jpg,,09/05/2018,10.9,"Sutera Tanjung 8/3, Taman Sutera Utama 81300 Skudai Johor ,Malaysia. GST ID","{""ADDRESS"": 0.9862318088610967, ""DATE"": 0.9975948929786682, ""TOTAL"": 0.9979446530342102}","{""ADDRESS"": ""Sutera Tanjung 8/3, Taman Sutera Utama 81300 Skudai Johor ,Malaysia. GST ID"", ""DATE"": ""09/05/2018"", ""TOTAL"": ""10.90""}",
107,X51006913007.jpg,AEON CO. (M) BHD,27/05/2018,,"AEON TAMAN MALURI SC JLN JEJAKA, TAMAN MALURT CHERAS, 55100 KUALA LUMPUR GOT ID","{""COMPANY"": 0.9976417422294617, ""ADDRESS"": 0.9749234361307961, ""DATE"": 0.9929646253585815}","{""COMPANY"": ""AEON CO. (M) BHD"", ""ADDRESS"": ""AEON TAMAN MALURI SC JLN JEJAKA, TAMAN MALURT CHERAS, 55100 KUALA LUMPUR GOT ID"", ""DATE"": ""27/05/2018""}",
108,X51006913018.jpg,AEON CO. (M) BHD,11/05/2018,,"FLR, AEON TAMAN MALURI St JLN JEJAKA, TAMAN CHERAS, 55100 KUALA LUMPUR GST ID","{""COMPANY"": 0.9965654462575912, ""ADDRESS"": 0.9852460452488491, ""DATE"": 0.995212197303772}","{""COMPANY"": ""AEON CO. (M) BHD"", ""ADDRESS"": ""FLR, AEON TAMAN MALURI St JLN JEJAKA, TAMAN CHERAS, 55100 KUALA LUMPUR GST ID"", ""DATE"": ""11/05/2018""}",
109,X51006913024.jpg,UNIHAKKA INTERNATIONAL SDN BHD,14 May 2018,8.9,"Tampoi 7/4,Kawasan Perindustrian Tampoi,81200 Johor TAX","{""COMPANY"": 0.9984018355607986, ""DATE"": 0.9992678960164388, ""ADDRESS"": 0.9938759406407675, ""TOTAL"": 0.9981346130371094}","{""COMPANY"": ""UNIHAKKA INTERNATIONAL SDN BHD"", ""DATE"": ""14 May 2018"", ""ADDRESS"": ""Tampoi 7/4,Kawasan Perindustrian Tampoi,81200 Johor TAX"", ""TOTAL"": ""$8.90""}",
110,X51006913030.jpg,UNIHAKKA INTERNATIONAL SDN BHD,10 May 2018,10.3,"Tampoi 7/4,Kawasan Perindustrian Tampoi,81200 Johor Bahru, Johor TAX","{""COMPANY"": 0.998238667845726, ""DATE"": 0.9993659655253092, ""ADDRESS"": 0.996005691587925, ""TOTAL"": 0.9979123473167419}","{""COMPANY"": ""UNIHAKKA INTERNATIONAL SDN BHD"", ""DATE"": ""10 May 2018"", ""ADDRESS"": ""Tampoi 7/4,Kawasan Perindustrian Tampoi,81200 Johor Bahru, Johor TAX"", ""TOTAL"": ""$10.30""}",
111,X51007103639.jpg,MR. D.T.¥. (M) SON BHD,,15.4,"1851-B, JALAN KPB 6, KAWASAN PERINDUSTRIAN BALAKONG, 43300 SERI KEMBANGAN, SELANGOR (GST ID No","{""COMPANY"": 0.995046055316925, ""ADDRESS"": 0.9825371844427926, ""TOTAL"": 0.798768937587738}","{""COMPANY"": ""MR. D.T.\u00a5. (M) SON BHD"", ""ADDRESS"": ""1851-B, JALAN KPB 6, KAWASAN PERINDUSTRIAN BALAKONG, 43300 SERI KEMBANGAN, SELANGOR (GST ID No"", ""TOTAL"": ""RM 15.40""}",
112,X51007103643.jpg,,19-04-18,,"1851-B, JALAN KPB &, KAWASAN PERINDUSTRIAN BALAKONG, 43300 SERI KEMBANGAN, SELANGOR (GST ID No","{""ADDRESS"": 0.9862612315586635, ""DATE"": 0.9956300258636475}","{""ADDRESS"": ""1851-B, JALAN KPB &, KAWASAN PERINDUSTRIAN BALAKONG, 43300 SERI KEMBANGAN, SELANGOR (GST ID No"", ""DATE"": ""19-04-18""}",
113,X51007339098.jpg,SANYO STATIONERY,,8.7,"NO. 31G&33G, JALAN SETIA INDAH X 40170 SETIA ALAM Mobile","{""COMPANY"": 0.998350203037262, ""ADDRESS"": 0.9571574211120606, ""TOTAL"": 0.9980061650276184}","{""COMPANY"": ""SANYO STATIONERY"", ""ADDRESS"": ""NO. 31G&33G, JALAN SETIA INDAH X 40170 SETIA ALAM Mobile"", ""TOTAL"": ""8.70""}",
114,X51007339109.jpg,SANYU STATIONERY,,,"31G&33G, JALAN SETIA INDAH X ,U13/X 40170 SETIA ALAM Mobile","{""COMPANY"": 0.9981340169906616, ""ADDRESS"": 0.9981473207473754}","{""COMPANY"": ""SANYU STATIONERY"", ""ADDRESS"": ""31G&33G, JALAN SETIA INDAH X ,U13/X 40170 SETIA ALAM Mobile""}",
115,X51007339116.jpg,SANYU STATIONERY,28/10/2017,21.9,"31G&33G, JALAN SETIA INDAH X ,U13/X 40170 SETIA ALAM Mobile","{""COMPANY"": 0.9981627762317657, ""ADDRESS"": 0.9983616650104523, ""TOTAL"": 0.9955350160598755, ""DATE"": 0.998705267906189}","{""COMPANY"": ""SANYU STATIONERY"", ""ADDRESS"": ""31G&33G, JALAN SETIA INDAH X ,U13/X 40170 SETIA ALAM Mobile"", ""TOTAL"": ""21.90"", ""DATE"": ""28/10/2017""}",
116,X51007339132.jpg,SANYO STATIONERY,,8.7,"NO. 31G&33G, JALAN SETIA INDAH X 40170 SETIA ALAM ~Mobile","{""COMPANY"": 0.998426079750061, ""ADDRESS"": 0.9790932595729828, ""TOTAL"": 0.9980723857879639}","{""COMPANY"": ""SANYO STATIONERY"", ""ADDRESS"": ""NO. 31G&33G, JALAN SETIA INDAH X 40170 SETIA ALAM ~Mobile"", ""TOTAL"": ""8.70""}",
117,X51007339134.jpg,,,6.0,"NO. 31G833G, JALAN SETIA INDAH x x 40170 SETIA ALAM Mohile","{""ADDRESS"": 0.9832218831235712, ""TOTAL"": 0.9850035309791565}","{""ADDRESS"": ""NO. 31G833G, JALAN SETIA INDAH x x 40170 SETIA ALAM Mohile"", ""TOTAL"": ""6.00""}",
118,X51007339135.jpg,SANYO STATIONERY,,8.7,"31G&33G, JALAN SETIA INDAH X ,U13/X 40170 SETIA ALAM Mobile","{""COMPANY"": 0.9984393119812012, ""ADDRESS"": 0.9983036339282989, ""TOTAL"": 0.9975516200065613}","{""COMPANY"": ""SANYO STATIONERY"", ""ADDRESS"": ""31G&33G, JALAN SETIA INDAH X ,U13/X 40170 SETIA ALAM Mobile"", ""TOTAL"": ""8.70""}",
119,X51007339150.jpg,SANYO STATIONERY,,35.0,"31G&33G, JALAN SETIA INDAH X ,U13/X | 40170 SETIA ALAM Mobile","{""COMPANY"": 0.99838986992836, ""ADDRESS"": 0.9975605336102572, ""TOTAL"": 0.9971871972084045}","{""COMPANY"": ""SANYO STATIONERY"", ""ADDRESS"": ""31G&33G, JALAN SETIA INDAH X ,U13/X | 40170 SETIA ALAM Mobile"", ""TOTAL"": ""35.00""}",
120,X51007339151.jpg,SANYU STATIONERY,15/07/2017,,"31G&33G, JALAN SETIA INDAH X ,U13/X 40170 SETIA ALAM Mobile","{""COMPANY"": 0.9980145990848541, ""ADDRESS"": 0.998239940404892, ""DATE"": 0.9985294342041016}","{""COMPANY"": ""SANYU STATIONERY"", ""ADDRESS"": ""31G&33G, JALAN SETIA INDAH X ,U13/X 40170 SETIA ALAM Mobile"", ""DATE"": ""15/07/2017""}",
121,X51007339152.jpg,SANYO STATIONERY,,50.0,"31G8&33G, JALAN SETIA INDAH X ,U13/X 40170 SETIA ALAM Mobile","{""COMPANY"": 0.9984036386013031, ""ADDRESS"": 0.9981540322303772, ""TOTAL"": 0.7945805191993713}","{""COMPANY"": ""SANYO STATIONERY"", ""ADDRESS"": ""31G8&33G, JALAN SETIA INDAH X ,U13/X 40170 SETIA ALAM Mobile"", ""TOTAL"": ""50.00""}",
122,X51007339648.jpg,HUAT HARDWARE ENTERERI SE BLA SUM BHD,12/09/2017,30.06,,"{""COMPANY"": 0.9905570830617633, ""DATE"": 0.99869304895401, ""TOTAL"": 0.6144270300865173}","{""COMPANY"": ""HUAT HARDWARE ENTERERI SE BLA SUM BHD"", ""DATE"": ""12/09/2017"", ""TOTAL"": ""30.06""}",
123,X51007339651.jpg,,29/12/2017,,,"{""DATE"": 0.9983915686607361}","{""DATE"": ""29/12/2017""}",
124,X51007391390.jpg,Super Ninety Nine Sdn.Bhd.,31/05/2018,3.0,"Floor, Jalan 18/32, Taman Sri Serdana, 43300 Seri Kembanaan, 603-9545 1212 AST Reg","{""COMPANY"": 0.9945405423641205, ""ADDRESS"": 0.9464144569176894, ""DATE"": 0.9968621730804443, ""TOTAL"": 0.9965583682060242}","{""COMPANY"": ""Super Ninety Nine Sdn.Bhd."", ""ADDRESS"": ""Floor, Jalan 18/32, Taman Sri Serdana, 43300 Seri Kembanaan, 603-9545 1212 AST Reg"", ""DATE"": ""31/05/2018"", ""TOTAL"": ""3.00""}",
125,X51007579725.jpg,,27/06/18,55.9,"B ,7ENITH CORPORATE PARK JALAN 887/26, 47301 PETALING JAYA SELANGOR TEL","{""ADDRESS"": 0.9592788327823986, ""DATE"": 0.9963319897651672, ""TOTAL"": 0.998189389705658}","{""ADDRESS"": ""B ,7ENITH CORPORATE PARK JALAN 887/26, 47301 PETALING JAYA SELANGOR TEL"", ""DATE"": ""27/06/18"", ""TOTAL"": ""55.90""}",
126,X51007846268.jpg,UNIHAKKA INTERNATIONAL SDN BHD,02 Jun 2018,10.35,"Tampoi 7/4,Kawasan Perindustrian Tampoi,81200 Johor Bahru, Johor TAX","{""COMPANY"": 0.9983240514993668, ""DATE"": 0.9993135929107666, ""ADDRESS"": 0.997375875711441, ""TOTAL"": 0.9973936080932617}","{""COMPANY"": ""UNIHAKKA INTERNATIONAL SDN BHD"", ""DATE"": ""02 Jun 2018"", ""ADDRESS"": ""Tampoi 7/4,Kawasan Perindustrian Tampoi,81200 Johor Bahru, Johor TAX"", ""TOTAL"": ""RM10.35""}",
127,X51007846290.jpg,UNIHAKKA INTERNATIONAL SDN BHD,07 Jun 2018,8.2,"Tampoi 7/4,Kawasan Perindustrian Tampoi,81200 Johor Bahru, Johor TAX","{""COMPANY"": 0.9984187185764313, ""DATE"": 0.9990735848744711, ""ADDRESS"": 0.9972314909100533, ""TOTAL"": 0.9980055689811707}","{""COMPANY"": ""UNIHAKKA INTERNATIONAL SDN BHD"", ""DATE"": ""07 Jun 2018"", ""ADDRESS"": ""Tampoi 7/4,Kawasan Perindustrian Tampoi,81200 Johor Bahru, Johor TAX"", ""TOTAL"": ""RM8.20""}",
128,X51007846303.jpg,UNIHAKKA INTERNATIONAL SDN BHD,08 Jun 2018,6.7,"Tampoi 7/4,Kawasan Perindustrian Tampoi,81200 Johor Bahru, Johor TAX","{""COMPANY"": 0.9983568787574768, ""DATE"": 0.9993628064791361, ""ADDRESS"": 0.9965874925255775, ""TOTAL"": 0.9956894516944885}","{""COMPANY"": ""UNIHAKKA INTERNATIONAL SDN BHD"", ""DATE"": ""08 Jun 2018"", ""ADDRESS"": ""Tampoi 7/4,Kawasan Perindustrian Tampoi,81200 Johor Bahru, Johor TAX"", ""TOTAL"": ""RM6.70""}",
129,X51007846310.jpg,MOONLIGHT CAKE HOUSE SDN BHD,11/08/2018,1.8,"Permas 10/5, Bandar Baru Permas Jaya 81750 Johor Bahru, Johor. Tel","{""COMPANY"": 0.9984115362167358, ""ADDRESS"": 0.9973222613334656, ""DATE"": 0.99355149269104, ""TOTAL"": 0.7613905072212219}","{""COMPANY"": ""MOONLIGHT CAKE HOUSE SDN BHD"", ""ADDRESS"": ""Permas 10/5, Bandar Baru Permas Jaya 81750 Johor Bahru, Johor. Tel"", ""DATE"": ""11/08/2018"", ""TOTAL"": ""RM1.80""}",
130,X51007846371.jpg,UNIHAKKA INTERNATIONAL SDN BHD,13 Jun 2018,8.85,"Tampoi 7/4,Kawasan Perindustrian Tampoi,81200 Johor Bahru, Johor TAX","{""COMPANY"": 0.9983938932418823, ""DATE"": 0.9993237455685934, ""ADDRESS"": 0.9936016276478767, ""TOTAL"": 0.9974861145019531}","{""COMPANY"": ""UNIHAKKA INTERNATIONAL SDN BHD"", ""DATE"": ""13 Jun 2018"", ""ADDRESS"": ""Tampoi 7/4,Kawasan Perindustrian Tampoi,81200 Johor Bahru, Johor TAX"", ""TOTAL"": ""RM8.85""}",
131,X51007846395.jpg,gerbang Alaf Restaurants Sdn Bhd,24/06/2018,12.8,"6, Bangunan TH, Damansara No. 3, Jalan Petaling Jaya (GST ID","{""COMPANY"": 0.9979915261268616, ""ADDRESS"": 0.9316288178617304, ""DATE"": 0.9973523616790771, ""TOTAL"": 0.9972056746482849}","{""COMPANY"": ""gerbang Alaf Restaurants Sdn Bhd"", ""ADDRESS"": ""6, Bangunan TH, Damansara No. 3, Jalan Petaling Jaya (GST ID"", ""DATE"": ""24/06/2018"", ""TOTAL"": ""12.80""}",
132,X51007846412.jpg,LAVENDER & BAKERY,,265.5,"& G30, AEON Mall TEBRAU CITY, NO. JALAN BESA TEBRAU, TAMAN DESA “ERRAU, 81100 JOHOR BAHRU. TEL +","{""COMPANY"": 0.9951186776161194, ""ADDRESS"": 0.9611731568972269, ""TOTAL"": 0.980946958065033}","{""COMPANY"": ""LAVENDER & BAKERY"", ""ADDRESS"": ""& G30, AEON Mall TEBRAU CITY, NO. JALAN BESA TEBRAU, TAMAN DESA \u201cERRAU, 81100 JOHOR BAHRU. TEL +"", ""TOTAL"": ""265.50""}",
133,X51008030565.jpg,RESTORAN WAN,,7.8,"Temeriggung 19/9, Seksyen 9, Bandar Mahkota Chéras, 43200 Cheras, Selangor . GST REG","{""COMPANY"": 0.9956232905387878, ""ADDRESS"": 0.9979905990453867, ""TOTAL"": 0.997934103012085}","{""COMPANY"": ""RESTORAN WAN"", ""ADDRESS"": ""Temeriggung 19/9, Seksyen 9, Bandar Mahkota Ch\u00e9ras, 43200 Cheras, Selangor . GST REG"", ""TOTAL"": ""7.80""}",
134,X51008042777.jpg,RESTORAN WAN SHENG,,4.8,"Temenggung 19/9, Seksyen 9, Bandar Mahkota Cheras, 43200 Cheras, Selangor GST REG","{""COMPANY"": 0.9987137715021769, ""ADDRESS"": 0.9989890406529108, ""TOTAL"": 0.9977701902389526}","{""COMPANY"": ""RESTORAN WAN SHENG"", ""ADDRESS"": ""Temenggung 19/9, Seksyen 9, Bandar Mahkota Cheras, 43200 Cheras, Selangor GST REG"", ""TOTAL"": ""4.80""}",
135,X51008042779.jpg,RESTORAN WAN SHENG,05-05-,7.6,"Temenggung 19/9, Seksyen 9, Bandar Mahkota Cheras, 43200 Cheras, Selangor GST REG","{""COMPANY"": 0.9985574881235758, ""ADDRESS"": 0.998893474539121, ""DATE"": 0.9927010536193848, ""TOTAL"": 0.9986792206764221}","{""COMPANY"": ""RESTORAN WAN SHENG"", ""ADDRESS"": ""Temenggung 19/9, Seksyen 9, Bandar Mahkota Cheras, 43200 Cheras, Selangor GST REG"", ""DATE"": ""05-05-"", ""TOTAL"": ""7.60""}",
136,X51008099071.jpg,LEONG HENG SHELL SERVICE STATION,20/06/18,50.0,"BANDAR SG LONG, 11 1/4 MILES CHERAS, 43000 KAJANG, SELANGOR Site :","{""COMPANY"": 0.9977500200271606, ""ADDRESS"": 0.9406623989343643, ""TOTAL"": 0.9976231455802917, ""DATE"": 0.9980487823486328}","{""COMPANY"": ""LEONG HENG SHELL SERVICE STATION"", ""ADDRESS"": ""BANDAR SG LONG, 11 1/4 MILES CHERAS, 43000 KAJANG, SELANGOR Site :"", ""TOTAL"": ""50.00"", ""DATE"": ""20/06/18""}",
137,X51008099073.jpg,PROSPER NIAGA,26/06/18,100.0,",PT 33122, BANDAR MAHKOTA CHERAS 43200 CHERAS, SELANGOR Site :","{""COMPANY"": 0.9973216950893402, ""ADDRESS"": 0.9628486812114716, ""TOTAL"": 0.8475795388221741, ""DATE"": 0.9912931323051453}","{""COMPANY"": ""PROSPER NIAGA"", ""ADDRESS"": "",PT 33122, BANDAR MAHKOTA CHERAS 43200 CHERAS, SELANGOR Site :"", ""TOTAL"": ""100.00"", ""DATE"": ""26/06/18""}",
138,X51008099084.jpg,RESTORAN WAN SHENG,,4.6,"Temenggung 19/9, Seksyen 9, Bandar Mahkota Cheras, 43200 Cheras, Selangor GST REG","{""COMPANY"": 0.9986185431480408, ""ADDRESS"": 0.9990245699882507, ""TOTAL"": 0.9976378679275513}","{""COMPANY"": ""RESTORAN WAN SHENG"", ""ADDRESS"": ""Temenggung 19/9, Seksyen 9, Bandar Mahkota Cheras, 43200 Cheras, Selangor GST REG"", ""TOTAL"": ""4.60""}",
139,X51008099086.jpg,RESTORAN WAN SHENG,,7.2,"Temenggung 19/9, Seksyen 9, Bandar Mahkota Cheras, 43200 Cheras, Selangor GST REG","{""COMPANY"": 0.9986967047055563, ""ADDRESS"": 0.9990039169788361, ""TOTAL"": 0.9984570741653442}","{""COMPANY"": ""RESTORAN WAN SHENG"", ""ADDRESS"": ""Temenggung 19/9, Seksyen 9, Bandar Mahkota Cheras, 43200 Cheras, Selangor GST REG"", ""TOTAL"": ""7.20""}",
140,X51008099087.jpg,RESTORAN WAN,,7.8,"Temenggung 19/9, Seksyen 9, Bandar Mahkota Cheras, 43200 Cheras, Selangor GST REG","{""COMPANY"": 0.9787996709346771, ""ADDRESS"": 0.9962525765101115, ""TOTAL"": 0.9987884163856506}","{""COMPANY"": ""RESTORAN WAN"", ""ADDRESS"": ""Temenggung 19/9, Seksyen 9, Bandar Mahkota Cheras, 43200 Cheras, Selangor GST REG"", ""TOTAL"": ""7.80""}",
141,X51008099088.jpg,RESTORAN WAN SHENG,27-06-2018,2.3,"Temenggung 19/9, Seksyen 9, Bandar Mahkota Cheras, 43200 Cheras, Selangor GST REG","{""COMPANY"": 0.9987238248189291, ""ADDRESS"": 0.9989954779545466, ""DATE"": 0.9958459734916687, ""TOTAL"": 0.9977372884750366}","{""COMPANY"": ""RESTORAN WAN SHENG"", ""ADDRESS"": ""Temenggung 19/9, Seksyen 9, Bandar Mahkota Cheras, 43200 Cheras, Selangor GST REG"", ""DATE"": ""27-06-2018"", ""TOTAL"": ""2.30""}",
142,X51008099102.jpg,SUSHI - MAHKOTA CHERAS MIZU SDN. BHD.,-06-,68.0,"GROUND FLOOR, JLN TEMENGGUNG 13/9, 43200 CHERAS SELANGOR. (GST","{""COMPANY"": 0.9533464482852391, ""ADDRESS"": 0.9500096638997396, ""DATE"": 0.48532551527023315, ""TOTAL"": 0.998040497303009}","{""COMPANY"": ""SUSHI - MAHKOTA CHERAS MIZU SDN. BHD."", ""ADDRESS"": ""GROUND FLOOR, JLN TEMENGGUNG 13/9, 43200 CHERAS SELANGOR. (GST"", ""DATE"": ""-06-"", ""TOTAL"": ""68.00""}",
143,X51008123447.jpg,Dion,28/05/18,5.0,"Dion #02-03, Level 2, 27, Jalan Sultan 50250 Kuala Lumpur. Tal","{""COMPANY"": 0.9754173755645752, ""ADDRESS"": 0.9527607505971735, ""DATE"": 0.9972889423370361, ""TOTAL"": 0.9984002709388733}","{""COMPANY"": ""Dion"", ""ADDRESS"": ""Dion #02-03, Level 2, 27, Jalan Sultan 50250 Kuala Lumpur. Tal"", ""DATE"": ""28/05/18"", ""TOTAL"": ""5.00""}",
144,X51008128065.jpg,99 SPEED,03-05-18,19.9,"2811, JALAN ANGSA, TAMAN BERKELEY 41150 KLANG, SELANGOR 1249-THN PANDAN GAHAYA GST ID.","{""COMPANY"": 0.9956370294094086, ""ADDRESS"": 0.9935134924375094, ""DATE"": 0.9985069632530212, ""TOTAL"": 0.9968715310096741}","{""COMPANY"": ""99 SPEED"", ""ADDRESS"": ""2811, JALAN ANGSA, TAMAN BERKELEY 41150 KLANG, SELANGOR 1249-THN PANDAN GAHAYA GST ID."", ""DATE"": ""03-05-18"", ""TOTAL"": ""19.90""}",
145,X51008164996.jpg,GNE ONE THREE SEAFOOD RESTAURANT SDN BHD,,58.0,"TAMAN SRI DENGKIL, JALAN AIR HITAM 43800 DENGKIL, SELANGOR. (GST","{""COMPANY"": 0.9954908575330462, ""ADDRESS"": 0.9980135142803193, ""TOTAL"": 0.998197615146637}","{""COMPANY"": ""GNE ONE THREE SEAFOOD RESTAURANT SDN BHD"", ""ADDRESS"": ""TAMAN SRI DENGKIL, JALAN AIR HITAM 43800 DENGKIL, SELANGOR. (GST"", ""TOTAL"": ""58.00""}",
146,X51008164998.jpg,ONE ONE THREE SEAFOOD RESTAURANT SDN BHD,20-06-2018,38.0,"TAMAN SRI DENGKIL, JALAN AIR HITAM 43800 DENGKIL, SELANGOR, (GST","{""COMPANY"": 0.9951737863676888, ""ADDRESS"": 0.9985772550106049, ""DATE"": 0.9986893534660339, ""TOTAL"": 0.9974161386489868}","{""COMPANY"": ""ONE ONE THREE SEAFOOD RESTAURANT SDN BHD"", ""ADDRESS"": ""TAMAN SRI DENGKIL, JALAN AIR HITAM 43800 DENGKIL, SELANGOR, (GST"", ""DATE"": ""20-06-2018"", ""TOTAL"": ""38.00""}",
147,X51005337877.jpg,UROKO JAPANESE CUISINE SDN BHD,20/03/2018 6.41:02 PM,6.00,"224-1, JALAN 17/54, SECTION 17, 46400 PETALING JAYA, SELANGOR 03-7932 1023/0191","{""COMPANY"": 0.9988529682159424, ""ADDRESS"": 0.9969410538673401, ""DATE"": 0.9982110261917114, ""TOTAL"": 0.6706672310829163}","{""COMPANY"": ""UROKO JAPANESE CUISINE SDN BHD"", ""ADDRESS"": ""224-1, JALAN 17/54, SECTION 17, 46400 PETALING JAYA, SELANGOR 03-7932 1023/0191"", ""DATE"": ""20/03/2018 6.41:02 PM"", ""TOTAL"": ""6.00""}","[{""item"": ""KO NABE INANIWA"", ""price"": 24.0}, {""item"": ""GREEN TEA"", ""price"": 1.0}, {""item"": ""GYOZA"", ""price"": 15.0}, {""item"": ""GARLIC CHAHAN"", ""price"": 6.0}, {""item"": ""UDON"", ""price"": 24.0}]"
